ID	NAME	ISO	CLASSIFICATION	VARIETY	SIZE	LINK2SOURCE
agr_std	Aguaruna	agr	Jivaroan	std	1206	http://lingweb.eva.mpg.de/cgi-bin/ids/ids.pl?com=simple_browse&lg_id=258
agx_std	Aghul	agx	North Caucasian,East Caucasian,Lezgic,Nuclear Lezgic,East Lezgic	std	1317	http://lingweb.eva.mpg.de/cgi-bin/ids/ids.pl?com=simple_browse&lg_id=61
akv_Northern	Akhvakh (Northern)	akv	North Caucasian,East Caucasian,Avar-Andic,Andic	Northern	1566	http://lingweb.eva.mpg.de/cgi-bin/ids/ids.pl?com=simple_browse&lg_id=33
akv_Southern	Akhvakh (Southern)	akv	North Caucasian,East Caucasian,Avar-Andic,Andic	Southern	1483	http://lingweb.eva.mpg.de/cgi-bin/ids/ids.pl?com=simple_browse&lg_id=34
alc_std	Qawasqar	alc	Alacalufan	std	623	http://lingweb.eva.mpg.de/cgi-bin/ids/ids.pl?com=simple_browse&lg_id=313
als_std	Albanian, Tosk	als	Indo-European,Albanian,Tosk	std	1934	http://lingweb.eva.mpg.de/cgi-bin/ids/ids.pl?com=simple_browse&lg_id=205
ani_Muni	Andi (Muni)	ani	North Caucasian,East Caucasian,Avar-Andic,Andic	Muni	1321	http://lingweb.eva.mpg.de/cgi-bin/ids/ids.pl?com=simple_browse&lg_id=316
ani_std	Andi	ani	North Caucasian,East Caucasian,Avar-Andic,Andic	std	1486	http://lingweb.eva.mpg.de/cgi-bin/ids/ids.pl?com=simple_browse&lg_id=32
aqc_Var1	Archi (Var1)	aqc	North Caucasian,East Caucasian,Lezgic,Archi	Var1	1282	http://lingweb.eva.mpg.de/cgi-bin/ids/ids.pl?com=simple_browse&lg_id=62
aqc_Var2	Archi (Var2)	aqc	North Caucasian,East Caucasian,Lezgic,Archi	Var2	1321	http://lingweb.eva.mpg.de/cgi-bin/ids/ids.pl?com=simple_browse&lg_id=62
aqc_std	Archi	aqc	North Caucasian,East Caucasian,Lezgic,Archi	std	1144	http://wold.livingsources.org/vocabulary/16
arb_std	Arabic, Standard	arb	Afro-Asiatic,Semitic,Central,South,Arabic	std	2073	http://lingweb.eva.mpg.de/cgi-bin/ids/ids.pl?com=simple_browse&lg_id=95
arn_std	Mapudungun	arn	Araucanian	std	1245	http://lingweb.eva.mpg.de/cgi-bin/ids/ids.pl?com=simple_browse&lg_id=309
aro_std	Araona	aro	Tacanan,Araona-Tacana,Araona	std	1109	http://lingweb.eva.mpg.de/cgi-bin/ids/ids.pl?com=simple_browse&lg_id=272
auc_std	Waorani	auc	unknown	std	1164	http://lingweb.eva.mpg.de/cgi-bin/ids/ids.pl?com=simple_browse&lg_id=255
ava_Andalal	Avar (Andalal)	ava	North Caucasian,East Caucasian,Avar-Andic,Avar	Andalal	1443	http://lingweb.eva.mpg.de/cgi-bin/ids/ids.pl?com=simple_browse&lg_id=28
ava_Antsukh	Avar (Antsukh)	ava	North Caucasian,East Caucasian,Avar-Andic,Avar	Antsukh	1856	http://lingweb.eva.mpg.de/cgi-bin/ids/ids.pl?com=simple_browse&lg_id=29
ava_Batlukh	Avar (Batlukh)	ava	North Caucasian,East Caucasian,Avar-Andic,Avar	Batlukh	1280	http://lingweb.eva.mpg.de/cgi-bin/ids/ids.pl?com=simple_browse&lg_id=26
ava_Hid	Avar (Hid)	ava	North Caucasian,East Caucasian,Avar-Andic,Avar	Hid	1347	http://lingweb.eva.mpg.de/cgi-bin/ids/ids.pl?com=simple_browse&lg_id=27
ava_Karakh	Avar (Karakh)	ava	North Caucasian,East Caucasian,Avar-Andic,Avar	Karakh	1416	http://lingweb.eva.mpg.de/cgi-bin/ids/ids.pl?com=simple_browse&lg_id=31
ava_Kusur	Avar (Kusur)	ava	North Caucasian,East Caucasian,Avar-Andic,Avar	Kusur	1301	http://lingweb.eva.mpg.de/cgi-bin/ids/ids.pl?com=simple_browse&lg_id=81
ava_Standard	Avar (Standard)	ava	North Caucasian,East Caucasian,Avar-Andic,Avar	Standard	1414	http://lingweb.eva.mpg.de/cgi-bin/ids/ids.pl?com=simple_browse&lg_id=107
ava_Zakataly	Avar (Zakataly)	ava	North Caucasian,East Caucasian,Avar-Andic,Avar	Zakataly	1269	http://lingweb.eva.mpg.de/cgi-bin/ids/ids.pl?com=simple_browse&lg_id=30
ayo_std	Ayoreo	ayo	Zamucoan	std	1370	http://lingweb.eva.mpg.de/cgi-bin/ids/ids.pl?com=simple_browse&lg_id=297
ayr_std	Aymara, Central	ayr	Aymaran	std	965	http://lingweb.eva.mpg.de/cgi-bin/ids/ids.pl?com=simple_browse&lg_id=1
azb_std	Azerbaijani, South	azb	Altaic,Turkic,Southern,Azerbaijani	std	1728	http://lingweb.eva.mpg.de/cgi-bin/ids/ids.pl?com=simple_browse&lg_id=1
azj_Terekeme	Azerbaijani, North (Terekeme)	azj	Altaic,Turkic,Southern,Azerbaijani	Terekeme	1432	http://lingweb.eva.mpg.de/cgi-bin/ids/ids.pl?com=simple_browse&lg_id=166
azz_std	Nahuatl, Highland Puebla	azz	Uto-Aztecan,Southern Uto-Aztecan,Aztecan,General Aztec,Aztec	std	1393	http://lingweb.eva.mpg.de/cgi-bin/ids/ids.pl?com=simple_browse&lg_id=222
bdk_std	Budukh	bdk	North Caucasian,East Caucasian,Lezgic,Nuclear Lezgic,South Lezgic	std	1627	http://lingweb.eva.mpg.de/cgi-bin/ids/ids.pl?com=simple_browse&lg_id=63
ben_std	Bengali	ben	Indo-European,Indo-Iranian,Indo-Aryan,Easternzone,Bengali-Assamese,Bengali	std	1335	http://spraakbanken.gu.se/eng/research/digital-areal-linguistics/word-lists
bph_std	Botlikh	bph	North Caucasian,East Caucasian,Avar-Andic,Andic	std	1415	http://lingweb.eva.mpg.de/cgi-bin/ids/ids.pl?com=simple_browse&lg_id=36
bre_std	Breton	bre	Indo-European,Celtic,Insular,Brythonic	std	1735	http://lingweb.eva.mpg.de/cgi-bin/ids/ids.pl?com=simple_browse&lg_id=183
bul_std	Bulgarian	bul	Indo-European,Slavic,South,Eastern	std	1993	http://lingweb.eva.mpg.de/cgi-bin/ids/ids.pl?com=simple_browse&lg_id=200
cag_std	Nivaclé	cag	Mataco-Guaicuru,Mataco	std	1532	http://lingweb.eva.mpg.de/cgi-bin/ids/ids.pl?com=simple_browse&lg_id=307
cao_std	Chácobo	cao	Panoan,Southern	std	1003	http://lingweb.eva.mpg.de/cgi-bin/ids/ids.pl?com=simple_browse&lg_id=279
cap_std	Chipaya	cap	Uru-Chipaya	std	944	http://lingweb.eva.mpg.de/cgi-bin/ids/ids.pl?com=simple_browse&lg_id=270
car_std	Carib	car	Carib,Northern,Galibi	std	1144	http://wold.livingsources.org/vocabulary/79
cas_std	Tsimané	cas	unknown	std	1031	http://lingweb.eva.mpg.de/cgi-bin/ids/ids.pl?com=simple_browse&lg_id=271
cat_std	Catalan-Valencian-Balear	cat	Indo-European,Italic,Romance,Italo-Western,Western,Gallo-Iberian,Ibero-Romance,East Iberian	std	1514	http://lingweb.eva.mpg.de/cgi-bin/ids/ids.pl?com=simple_browse&lg_id=1
cav_std	Cavineña	cav	Tacanan,Araona-Tacana,Cavinena-Tacana,Cavinena	std	958	http://lingweb.eva.mpg.de/cgi-bin/ids/ids.pl?com=simple_browse&lg_id=273
cbi_std	Chachi	cbi	Barbacoan,Cayapa-Colorado	std	1418	http://lingweb.eva.mpg.de/cgi-bin/ids/ids.pl?com=simple_browse&lg_id=1
cbr_std	Cashibo-Cacataibo	cbr	Panoan, Mainline, Cashibo	std	738	http://lingweb.eva.mpg.de/cgi-bin/ids/ids.pl?com=simple_browse&lg_id=1
ces_std	Czech	ces	Indo-European,Slavic,West,Czech-Slovak	std	1771	http://lingweb.eva.mpg.de/cgi-bin/ids/ids.pl?com=simple_browse&lg_id=202
che_Akkin	Chechen (Akkin)	che	North Caucasian,East Caucasian,Nakh,Chechen-Ingush	Akkin	1384	http://lingweb.eva.mpg.de/cgi-bin/ids/ids.pl?com=simple_browse&lg_id=317
che_std	Chechen	che	North Caucasian,East Caucasian,Nakh,Chechen-Ingush	std	1640	http://lingweb.eva.mpg.de/cgi-bin/ids/ids.pl?com=simple_browse&lg_id=75
cji_std	Chamalal	cji	North Caucasian,East Caucasian,Avar-Andic,Andic	std	1632	http://lingweb.eva.mpg.de/cgi-bin/ids/ids.pl?com=simple_browse&lg_id=51
cmn_std	Chinese, Mandarin	cmn	Sino-Tibetan,Chinese	std	1877	http://wold.livingsources.org/vocabulary/89
cof_std	Colorado	cof	Barbacoan,Cayapa-Colorado	std	1086	http://lingweb.eva.mpg.de/cgi-bin/ids/ids.pl?com=simple_browse&lg_id=246
con_std	Cofán	con	Chibchan,Cofan	std	1364	http://lingweb.eva.mpg.de/cgi-bin/ids/ids.pl?com=simple_browse&lg_id=254
crs_std	Seselwa Creole French	crs	Creole,French based	std	1906	http://wold.livingsources.org/vocabulary/7
crt_std	Chorote, Iyojwa’ja	crt	Mataco-Guaicuru,Mataco	std	1490	http://lingweb.eva.mpg.de/cgi-bin/ids/ids.pl?com=simple_browse&lg_id=1
ctz_std	Chatino, Zacatepec	ctz	Oto-Manguean,Zapotecan,Chatino	std	1450	http://lingweb.eva.mpg.de/cgi-bin/ids/ids.pl?com=simple_browse&lg_id=223
cwg_std	Cheq Wong	cwg	Austro-Asiatic,Mon-Khmer,Aslian,North Aslian,Chewong	std	851	http://wold.livingsources.org/vocabulary/26
cyb_std	Cayubaba	cyb	unknown	std	1109	http://lingweb.eva.mpg.de/cgi-bin/ids/ids.pl?com=simple_browse&lg_id=1
cym_std	Welsh	cym	Indo-European,Celtic,Insular,Brythonic	std	2078	http://lingweb.eva.mpg.de/cgi-bin/ids/ids.pl?com=simple_browse&lg_id=182
dan_std	Danish	dan	Indo-European,Germanic,North,East Scandinavian,Danish-Swedish,Danish-Riksmal,Danish	std	1532	http://lingweb.eva.mpg.de/cgi-bin/ids/ids.pl?com=simple_browse&lg_id=186
dar_Itsari	Dargwa (Itsari)	dar	North Caucasian,East Caucasian,Dargi	Itsari	1270	http://lingweb.eva.mpg.de/cgi-bin/ids/ids.pl?com=simple_browse&lg_id=58
dar_Kajtak	Dargwa (Kajtak)	dar	North Caucasian,East Caucasian,Dargi	Kajtak	1453	http://lingweb.eva.mpg.de/cgi-bin/ids/ids.pl?com=simple_browse&lg_id=60
dar_Kubachi	Dargwa (Kubachi)	dar	North Caucasian,East Caucasian,Dargi	Kubachi	1297	http://lingweb.eva.mpg.de/cgi-bin/ids/ids.pl?com=simple_browse&lg_id=59
dar_Muiri	Dargwa (Muiri)	dar	North Caucasian,East Caucasian,Dargi	Muiri	1490	http://lingweb.eva.mpg.de/cgi-bin/ids/ids.pl?com=simple_browse&lg_id=164
dar_Standard	Dargwa (Standard)	dar	North Caucasian,East Caucasian,Dargi	Standard	1750	http://lingweb.eva.mpg.de/cgi-bin/ids/ids.pl?com=simple_browse&lg_id=57
dcr_std	Negerhollands	dcr	Creole,Dutch based	std	1185	http://lingweb.eva.mpg.de/cgi-bin/ids/ids.pl?com=simple_browse&lg_id=217
ddo_Mokok	Dido (Mokok)	ddo	North Caucasian,East Caucasian,Tsezic,West Tsezic	Mokok	1454	http://lingweb.eva.mpg.de/cgi-bin/ids/ids.pl?com=simple_browse&lg_id=162
ddo_Sagadin	Dido (Sagadin)	ddo	North Caucasian,East Caucasian,Tsezic,West Tsezic	Sagadin	1409	http://lingweb.eva.mpg.de/cgi-bin/ids/ids.pl?com=simple_browse&lg_id=55
deu_std	German, Standard	deu	Indo-European,Germanic,West,High German,German,Middle German,East Middle German	std	1773	http://lingweb.eva.mpg.de/cgi-bin/ids/ids.pl?com=simple_browse&lg_id=194
dsb_std	Sorbian, Lower	dsb	Indo-European,Slavic,West,Sorbian	std	1516	http://wold.livingsources.org/vocabulary/10
ell_std	Greek	ell	Indo-European,Greek,Attic	std	1677	http://lingweb.eva.mpg.de/cgi-bin/ids/ids.pl?com=simple_browse&lg_id=1
emp_std	Emberá, Northern	emp	Choco,Embera,Northern	std	722	http://lingweb.eva.mpg.de/cgi-bin/ids/ids.pl?com=simple_browse&lg_id=247
eng_std	English	eng	Indo-European,Germanic,West,English	std	1521	http://lingweb.eva.mpg.de/cgi-bin/ids/ids.pl?com=simple_browse&lg_id=190
est_std	Estonian	est	Uralic,Finnic	std	1650	http://lingweb.eva.mpg.de/cgi-bin/ids/ids.pl?com=simple_browse&lg_id=127
eus_std	Basque	eus	Basque	std	1059	http://lingweb.eva.mpg.de/cgi-bin/ids/ids.pl?com=simple_browse&lg_id=219
fin_std	Finnish	fin	Uralic,Finnic	std	1696	http://lingweb.eva.mpg.de/cgi-bin/ids/ids.pl?com=simple_browse&lg_id=128
fra_std	French	fra	Indo-European,Italic,Romance,Italo-Western,Western,Gallo-Iberian,Gallo-Romance,Gallo-Rhaetian,Oïl,French	std	1609	http://lingweb.eva.mpg.de/cgi-bin/ids/ids.pl?com=simple_browse&lg_id=171
gdo_std	Ghodoberi	gdo	North Caucasian,East Caucasian,Avar-Andic,Andic	std	1417	http://lingweb.eva.mpg.de/cgi-bin/ids/ids.pl?com=simple_browse&lg_id=38
ghl_std	Ghulfan	ghl	Nilo-Saharan,Eastern Sudanic,Eastern,Nubian,Central,Hill,Kadaru-Ghulfan	std	1616	http://lingweb.eva.mpg.de/cgi-bin/ids/ids.pl?com=simple_browse&lg_id=318
gin_std	Hinukh	gin	North Caucasian,East Caucasian,Tsezic,West Tsezic	std	1345	http://lingweb.eva.mpg.de/cgi-bin/ids/ids.pl?com=simple_browse&lg_id=42
gle_std	Gaelic, Irish	gle	Indo-European,Celtic,Insular,Goidelic	std	2372	http://lingweb.eva.mpg.de/cgi-bin/ids/ids.pl?com=simple_browse&lg_id=181
glg_std	Galician	glg	Indo-European,Italic,Romance,Italo-Western,Western,Gallo-Iberian,Ibero-Romance,West Iberian,Portuguese-Galician	std	620	http://www.logosdictionary.org/
guc_std	Wayuu	guc	Arawakan,Maipuran,Northern Maipuran,Caribbean	std	953	http://lingweb.eva.mpg.de/cgi-bin/ids/ids.pl?com=simple_browse&lg_id=1
gue_std	Gurinji	gue	Australian,Pama-Nyungan,South-West,Ngumbin	std	917	http://wold.livingsources.org/vocabulary/31
gug_std	Guaraní, Paraguayan	gug	Tupi,Tupi-Guarani,Subgroup I	std	1839	http://lingweb.eva.mpg.de/cgi-bin/ids/ids.pl?com=simple_browse&lg_id=290
gui_std	Guaraní, Eastern Bolivian	gui	Tupi,Tupi-Guarani,Subgroup I	std	1356	http://lingweb.eva.mpg.de/cgi-bin/ids/ids.pl?com=simple_browse&lg_id=289
guq_std	Aché	guq	Tupi,Tupi-Guarani,Subgroup I	std	954	http://lingweb.eva.mpg.de/cgi-bin/ids/ids.pl?com=simple_browse&lg_id=288
gwd_std	Gawwada	gwd	Afro-Asiatic,Cushitic,East,Dullay	std	1036	http://wold.livingsources.org/vocabulary/3
hau_std	Hausa	hau	Afro-Asiatic,Chadic,West,A,A.1	std	1636	http://lingweb.eva.mpg.de/cgi-bin/ids/ids.pl?com=simple_browse&lg_id=220
haw_std	Hawaiian	haw	Austronesian,Malayo-Polynesian,Central-Eastern,Eastern Malayo-Polynesian,Oceanic,Central-Eastern Oceanic,Remote Oceanic,Central Pacific,East Fijian-Polynesian,Polynesian,Nuclear,East,Central,Marquesic	std	2500	http://lingweb.eva.mpg.de/cgi-bin/ids/ids.pl?com=simple_browse&lg_id=235
hdn_Northern	Haida, Northern (Northern)	hdn	Na-Dene,Haida	Northern	1009	http://lingweb.eva.mpg.de/cgi-bin/ids/ids.pl?com=simple_browse&lg_id=227
hin_std	Hindi	hin	Indo-European,Indo-Iranian,Indo-Aryan,Central zone,Western Hindi,Hindustani	std	631	http://www.logosdictionary.org/
hun_std	Hungarian	hun	Uralic	std	1669	http://lingweb.eva.mpg.de/cgi-bin/ids/ids.pl?com=simple_browse&lg_id=131
huz_std	Hunzib	huz	North Caucasian,East Caucasian,Tsezic,East Tsezic	std	1412	http://lingweb.eva.mpg.de/cgi-bin/ids/ids.pl?com=simple_browse&lg_id=52
hye_Eastern	Armenian (Eastern)	hye	Indo-European,Armenian	Eastern	1782	http://lingweb.eva.mpg.de/cgi-bin/ids/ids.pl?com=simple_browse&lg_id=206
hye_Western	Armenian (Western)	hye	Indo-European,Armenian	Western	1754	http://lingweb.eva.mpg.de/cgi-bin/ids/ids.pl?com=simple_browse&lg_id=207
ign_std	Ignaciano	ign	Arawakan,Maipuran,Southern Maipuran,Bolivia-Parana	std	1054	http://lingweb.eva.mpg.de/cgi-bin/ids/ids.pl?com=simple_browse&lg_id=263
ind_std	Indonesian	ind	Austronesian,Malayo-Polynesian,Malayo-Sumbawan,North and East,Malayic,Malay	std	1873	http://wold.livingsources.org/vocabulary/27
irk_std	Iraqw	irk	Afro-Asiatic,Cushitic,South	std	1216	http://wold.livingsources.org/vocabulary/2
ita_std	Italian	ita	Indo-European,Italic,Romance,Italo-Western,Italo-Dalmatian	std	1512	http://lingweb.eva.mpg.de/cgi-bin/ids/ids.pl?com=simple_browse&lg_id=170
ito_std	Itonama	ito	unknown	std	881	http://lingweb.eva.mpg.de/cgi-bin/ids/ids.pl?com=simple_browse&lg_id=284
jdt_std	Judeo-Tat	jdt	Indo-European,Indo-Iranian,Iranian,Western,Southwestern,Tat	std	1461	http://lingweb.eva.mpg.de/cgi-bin/ids/ids.pl?com=simple_browse&lg_id=1
jpn_std	Japanese	jpn	Japonic	std	1864	http://wold.livingsources.org/vocabulary/21
jup_std	Hupdë	jup	Maku	std	1058	http://wold.livingsources.org/vocabulary/39
kap_std	Bezhta	kap	North Caucasian,East Caucasian,Tsezic,East Tsezic	std	1594	http://lingweb.eva.mpg.de/cgi-bin/ids/ids.pl?com=simple_browse&lg_id=160
kca_std	Khanty	kca	Uralic	std	1383	http://lingweb.eva.mpg.de/cgi-bin/ids/ids.pl?com=simple_browse&lg_id=135
kek_std	Q’eqchi’	kek	Mayan,Quichean-Mamean,Greater Quichean,Kekchi	std	1812	http://wold.livingsources.org/vocabulary/34
ket_std	Ket	ket	Yeniseian	std	1142	http://wold.livingsources.org/vocabulary/18
kgp_std	Kaingang	kgp	Macro-Ge,Ge-Kaingang	std	1681	http://lingweb.eva.mpg.de/cgi-bin/ids/ids.pl?com=simple_browse&lg_id=294
kha_std	Khasi	kha	Austro-Asiatic,Mon-Khmer,NorthernMon-Khmer,Khasian,Khasi	std	1225	http://spraakbanken.gu.se/eng/research/digital-areal-linguistics/word-lists
khv_Inxokvari	Khvarshi (Inxokvari)	khv	North Caucasian,East Caucasian,Tsezic,West Tsezic	Inxokvari	1646	http://lingweb.eva.mpg.de/cgi-bin/ids/ids.pl?com=simple_browse&lg_id=54
khv_Khvarshi	Khvarshi (Khvarshi)	khv	North Caucasian,East Caucasian,Tsezic,West Tsezic	Khvarshi	1480	http://lingweb.eva.mpg.de/cgi-bin/ids/ids.pl?com=simple_browse&lg_id=41
kij_std	Kilivila	kij	Austronesian,Malayo-Polynesian,Central-Eastern,Eastern Malayo-Polynesian,Oceanic,Western Oceanic,Papuan Tip,Peripheral,Kilivila-Louisiades,Kilivila	std	1559	http://lingweb.eva.mpg.de/cgi-bin/ids/ids.pl?com=simple_browse&lg_id=1
knc_std	Kanuri, Central	knc	Nilo-Saharan,Saharan,Western,Kanuri	std	1417	http://wold.livingsources.org/vocabulary/5
knt_std	Katukína, Panoan	knt	Panoan,Southeastern	std	1068	http://lingweb.eva.mpg.de/cgi-bin/ids/ids.pl?com=simple_browse&lg_id=1
kpt_Tokitin	Karata (Tokitin)	kpt	North Caucasian,East Caucasian,Avar-Andic,Andic	Tokitin	1458	http://lingweb.eva.mpg.de/cgi-bin/ids/ids.pl?com=simple_browse&lg_id=40
kpt_std	Karata	kpt	North Caucasian,East Caucasian,Avar-Andic,Andic	std	1410	http://lingweb.eva.mpg.de/cgi-bin/ids/ids.pl?com=simple_browse&lg_id=39
kpv_std	Komi-Zyrian	kpv	Uralic,Permian,Komi	std	1739	http://lingweb.eva.mpg.de/cgi-bin/ids/ids.pl?com=simple_browse&lg_id=1
kum_std	Kumyk	kum	Altaic,Turkic,Western,Ponto-Caspian	std	1761	http://lingweb.eva.mpg.de/cgi-bin/ids/ids.pl?com=simple_browse&lg_id=72
kuz_std	Kunza	kuz	unknown	std	876	http://lingweb.eva.mpg.de/cgi-bin/ids/ids.pl?com=simple_browse&lg_id=308
kva_std	Bagvalal	kva	North Caucasian,East Caucasian,Avar-Andic,Andic	std	1496	http://lingweb.eva.mpg.de/cgi-bin/ids/ids.pl?com=simple_browse&lg_id=1
kyh_std	Karok	kyh	Hokan,Northern,Karok-Shasta	std	830	http://lingweb.eva.mpg.de/cgi-bin/ids/ids.pl?com=simple_browse&lg_id=224
lav_std	Latvian	lav	Indo-European,Baltic,Eastern	std	1646	http://lingweb.eva.mpg.de/cgi-bin/ids/ids.pl?com=simple_browse&lg_id=197
lbe_std	Lak	lbe	North Caucasian,East Caucasian,Lak	std	1439	http://lingweb.eva.mpg.de/cgi-bin/ids/ids.pl?com=simple_browse&lg_id=56
leg_std	Lengua	leg	Mascoian	std	1090	http://lingweb.eva.mpg.de/cgi-bin/ids/ids.pl?com=simple_browse&lg_id=300
lez_Kuba	Lezgi (Kuba)	lez	North Caucasian,East Caucasian,Lezgic,Nuclear Lezgic,East Lezgic	Kuba	1238	http://lingweb.eva.mpg.de/cgi-bin/ids/ids.pl?com=simple_browse&lg_id=165
lez_Mikrakh	Lezgi (Mikrakh)	lez	North Caucasian,East Caucasian,Lezgic,Nuclear Lezgic,East Lezgic	Mikrakh	1387	http://lingweb.eva.mpg.de/cgi-bin/ids/ids.pl?com=simple_browse&lg_id=65
lez_std	Lezgi	lez	North Caucasian,East Caucasian,Lezgic,Nuclear Lezgic,East Lezgic	std	1815	http://lingweb.eva.mpg.de/cgi-bin/ids/ids.pl?com=simple_browse&lg_id=64
lit_std	Lithuanian	lit	Indo-European,Baltic,Eastern	std	1863	http://lingweb.eva.mpg.de/cgi-bin/ids/ids.pl?com=simple_browse&lg_id=196
mar_std	Marathi	mar	Indo-European,Indo-Iranian,Indo-Aryan,Southernzone,Marathi	std	1538	http://spraakbanken.gu.se/eng/research/digital-areal-linguistics/word-lists
mbc_std	Macushi	mbc	Carib,Northern,East-West Guiana,Macushi-Kapon,Macushi	std	914	http://lingweb.eva.mpg.de/cgi-bin/ids/ids.pl?com=simple_browse&lg_id=173
mca_std	Maka	mca	Mataco-Guaicuru,Mataco	std	1036	http://lingweb.eva.mpg.de/cgi-bin/ids/ids.pl?com=simple_browse&lg_id=305
mcq_Huarayo	Ese (Huarayo)	mcq	Trans-New Guinea,Southeast Papuan,Koiarian,Baraic	Huarayo	705	http://lingweb.eva.mpg.de/cgi-bin/ids/ids.pl?com=simple_browse&lg_id=1
mcq_std	Ese	mcq	Trans-New Guinea,Southeast Papuan,Koiarian,Baraic	std	952	http://lingweb.eva.mpg.de/cgi-bin/ids/ids.pl?com=simple_browse&lg_id=1
mhr_std	Mari, Meadow	mhr	Uralic,Mari	std	1523	http://lingweb.eva.mpg.de/cgi-bin/ids/ids.pl?com=simple_browse&lg_id=1
mns_std	Mansi	mns	Uralic	std	1445	http://lingweb.eva.mpg.de/cgi-bin/ids/ids.pl?com=simple_browse&lg_id=146
moc_std	Mocoví	moc	Mataco-Guaicuru,Guaicuruan	std	1163	http://lingweb.eva.mpg.de/cgi-bin/ids/ids.pl?com=simple_browse&lg_id=301
mri_std	Maori	mri	Austronesian,Malayo-Polynesian,Central-Eastern,Eastern Malayo-Polynesian,Oceanic,Central-Eastern Oceanic,Remote Oceanic,Central Pacific,East Fijian-Polynesian,Polynesian,Nuclear,East,Central,Tahitic	std	2122	http://lingweb.eva.mpg.de/cgi-bin/ids/ids.pl?com=simple_browse&lg_id=236
mrq_std	Marquesan, North	mrq	Austronesian,Malayo-Polynesian,Central-Eastern,Eastern Malayo-Polynesian,Oceanic,Central-Eastern Oceanic,Remote Oceanic,Central Pacific,East Fijian-Polynesian,Polynesian,Nuclear,East,Central,Marquesic	std	1223	http://lingweb.eva.mpg.de/cgi-bin/ids/ids.pl?com=simple_browse&lg_id=1
mww_std	Miao, White	mww	Hmong-Mien,Hmongic,Chuanqiandian	std	1344	http://wold.livingsources.org/vocabulary/25
myv_std	Erzya	myv	Uralic,Mordvin	std	1355	http://lingweb.eva.mpg.de/cgi-bin/ids/ids.pl?com=simple_browse&lg_id=126
mzh_std	Wichí Lhamtés Güisnay	mzh	Mataco-Guaicuru,Mataco	std	1215	http://wold.livingsources.org/vocabulary/40
mzp_std	Movima	mzp	unknown	std	939	http://lingweb.eva.mpg.de/cgi-bin/ids/ids.pl?com=simple_browse&lg_id=285
nld_std	Dutch	nld	Indo-European,Germanic,West,Low Saxon-Low Franconian,Low Franconian	std	1702	http://lingweb.eva.mpg.de/cgi-bin/ids/ids.pl?com=simple_browse&lg_id=191
nmm_std	Manangba	nmm	Sino-Tibetan,Tibeto-Burman,Himalayish,Tibeto-Kanauri,Tibetic,Tamangic	std	1028	http://wold.livingsources.org/vocabulary/17
nog_std	Nogai	nog	Altaic,Turkic,Western,Aralo-Caspian	std	2000	http://lingweb.eva.mpg.de/cgi-bin/ids/ids.pl?com=simple_browse&lg_id=73
noo_std	Nootka	noo	Wakashan,Southern	std	862	http://lingweb.eva.mpg.de/cgi-bin/ids/ids.pl?com=simple_browse&lg_id=230
ona_std	Ona	ona	Chon	std	859	http://lingweb.eva.mpg.de/cgi-bin/ids/ids.pl?com=simple_browse&lg_id=1
orh_std	Oroqen	orh	Altaic,Tungusic,Northern,Evenki	std	1110	http://wold.livingsources.org/vocabulary/20
ote_std	Otomi, Mezquital	ote	Oto-Manguean,Otopamean,Otomian,Otomi	std	2217	http://wold.livingsources.org/vocabulary/35
oym_std	Wayampi	oym	Tupi,Tupi-Guarani,Subgroup VIII	std	1175	http://lingweb.eva.mpg.de/cgi-bin/ids/ids.pl?com=simple_browse&lg_id=292
pbb_std	Páez	pbb	unknown	std	1074	http://lingweb.eva.mpg.de/cgi-bin/ids/ids.pl?com=simple_browse&lg_id=244
pbh_std	EՖapa Woromaipu	pbh	Carib,Northern,Western Guiana	std	1061	http://lingweb.eva.mpg.de/cgi-bin/ids/ids.pl?com=simple_browse&lg_id=1
pes_std	Farsi, Western	pes	Indo-European,Indo-Iranian,Iranian,Western,Southwestern,Persian	std	1320	http://lingweb.eva.mpg.de/cgi-bin/ids/ids.pl?com=simple_browse&lg_id=214
plg_std	Pilagá	plg	Mataco-Guaicuru,Guaicuruan	std	1178	http://lingweb.eva.mpg.de/cgi-bin/ids/ids.pl?com=simple_browse&lg_id=302
plj_std	Polci	plj	Afro-Asiatic,Chadic,West,B,B.3,Zaar Proper	std	1022	http://lingweb.eva.mpg.de/cgi-bin/ids/ids.pl?com=simple_browse&lg_id=221
plt_std	Malagasy, Plateau	plt	Austronesian,Malayo-Polynesian,Greater Barito,East,Malagasy	std	1468	http://wold.livingsources.org/vocabulary/28
pmt_std	Tuamotuan	pmt	Austronesian,Malayo-Polynesian,Central-Eastern,Eastern Malayo-Polynesian,Oceanic,Central-Eastern Oceanic,Remote Oceanic,Central Pacific,East Fijian-Polynesian,Polynesian,Nuclear,East,Central,Tahitic	std	1353	http://lingweb.eva.mpg.de/cgi-bin/ids/ids.pl?com=simple_browse&lg_id=241
pnb_std	Punjabi	pnb	Indo-European,Indo-Iranian,Indo-Aryan,Northwesternzone,Lahnda,Punjabi	std	1566	http://spraakbanken.gu.se/eng/research/digital-areal-linguistics/word-lists
pol_std	Polish	pol	Indo-European,Slavic,West,Lechitic	std	1991	http://lingweb.eva.mpg.de/cgi-bin/ids/ids.pl?com=simple_browse&lg_id=203
por_std	Portuguese	por	Indo-European,Italic,Romance,Italo-Western,Western,Gallo-Iberian,Ibero-Romance,West Iberian,Portuguese-Galician	std	1653	http://lingweb.eva.mpg.de/cgi-bin/ids/ids.pl?com=simple_browse&lg_id=178
pue_std	Puelche	pue	unknown	std	728	http://lingweb.eva.mpg.de/cgi-bin/ids/ids.pl?com=simple_browse&lg_id=312
pui_std	Puinave	pui	unknown	std	1083	http://lingweb.eva.mpg.de/cgi-bin/ids/ids.pl?com=simple_browse&lg_id=249
qvi_std	Quichua, Imbabura Highland	qvi	Quechuan,Quechua II,B	std	1144	http://wold.livingsources.org/vocabulary/37
ray_std	Rapa	ray	Austronesian,Malayo-Polynesian,Central-Eastern,Eastern Malayo-Polynesian,Oceanic,Central-Eastern Oceanic,Remote Oceanic,Central Pacific,East Fijian-Polynesian,Polynesian,Nuclear,East,Central	std	1203	http://lingweb.eva.mpg.de/cgi-bin/ids/ids.pl?com=simple_browse&lg_id=1
rgn_std	Romagnol	rgn	Indo-European, Italic, Romance, Italo-Western, Western, Gallo-Iberian, Gallo-Romance, Gallo-Italian	std	627	http://www.logosdictionary.org/
rif_std	Tarifit	rif	Afro-Asiatic,Berber,Northern,Zenati,Riff	std	1493	http://wold.livingsources.org/vocabulary/6
rmy_std	Romani, Vlax	rmy	Indo-European,Indo-Iranian,Indo-Aryan,Central zone,Romani,Vlax	std	986	http://lingweb.eva.mpg.de/cgi-bin/ids/ids.pl?com=simple_browse&lg_id=1
ron_std	Romanian	ron	Indo-European,Italic,Romance,Eastern	std	2018	http://wold.livingsources.org/vocabulary/8
rtm_std	Rotuman	rtm	Austronesian,Malayo-Polynesian,Central-Eastern,Eastern Malayo-Polynesian,Oceanic,Central-Eastern Oceanic,Remote Oceanic,Central Pacific,West Fijian-Rotuman,Rotuman	std	1212	http://lingweb.eva.mpg.de/cgi-bin/ids/ids.pl?com=simple_browse&lg_id=239
rus_std	Russian	rus	Indo-European,Slavic,East	std	1650	http://lingweb.eva.mpg.de/cgi-bin/ids/ids.pl?com=simple_browse&lg_id=204
rut_std	Rutul	rut	North Caucasian,East Caucasian,Lezgic,Nuclear Lezgic,West Lezgic	std	1490	http://lingweb.eva.mpg.de/cgi-bin/ids/ids.pl?com=simple_browse&lg_id=66
sap_Enlhet	Sanapaná (Enlhet)	sap	Mascoian	Enlhet	1657	http://lingweb.eva.mpg.de/cgi-bin/ids/ids.pl?com=simple_browse&lg_id=299
sap_Standard	Sanapaná (Standard)	sap	Mascoian	Standard	1105	http://lingweb.eva.mpg.de/cgi-bin/ids/ids.pl?com=simple_browse&lg_id=1
sei_std	Seri	sei	unknown	std	1245	http://lingweb.eva.mpg.de/cgi-bin/ids/ids.pl?com=simple_browse&lg_id=225
sel_std	Selkup	sel	Uralic,Samoyed	std	1218	http://lingweb.eva.mpg.de/cgi-bin/ids/ids.pl?com=simple_browse&lg_id=151
shb_std	Ninam	shb	Yanomam	std	942	http://lingweb.eva.mpg.de/cgi-bin/ids/ids.pl?com=simple_browse&lg_id=252
shp_std	Shipibo-Conibo	shp	Panoan,North-Central	std	1266	http://lingweb.eva.mpg.de/cgi-bin/ids/ids.pl?com=simple_browse&lg_id=281
sja_std	Epena	sja	Choco,Embera,Southern	std	1037	http://lingweb.eva.mpg.de/cgi-bin/ids/ids.pl?com=simple_browse&lg_id=248
sjd_std	Saami, Kildin	sjd	Uralic,Sami,Eastern	std	1287	http://wold.livingsources.org/vocabulary/14
sme_std	Saami, North	sme	Uralic,Sami,Western,Northern	std	1350	http://lingweb.eva.mpg.de/cgi-bin/ids/ids.pl?com=simple_browse&lg_id=143
snn_std	Siona	snn	Tucanoan,Western Tucanoan,Northern,Siona-Secoya	std	1100	http://lingweb.eva.mpg.de/cgi-bin/ids/ids.pl?com=simple_browse&lg_id=256
spa_std	Spanish	spa	Indo-European,Italic,Romance,Italo-Western,Western,Gallo-Iberian,Ibero-Romance,West Iberian,Castilian	std	1735	http://lingweb.eva.mpg.de/cgi-bin/ids/ids.pl?com=simple_browse&lg_id=176
src_std	Sardinian, Logudorese	src	Indo-European,Italic,Romance,Southern,Sardinian	std	2019	http://lingweb.eva.mpg.de/cgi-bin/ids/ids.pl?com=simple_browse&lg_id=1
srm_std	Saramaccan	srm	Creole,English based	std	1146	http://wold.livingsources.org/vocabulary/36
srq_std	Sirionó	srq	Tupi,Tupi-Guarani,Subgroup II	std	1155	http://lingweb.eva.mpg.de/cgi-bin/ids/ids.pl?com=simple_browse&lg_id=291
swe_std	Swedish	swe	Indo-European,Germanic,North,East Scandinavian,Danish-Swedish,Swedish	std	2060	http://lingweb.eva.mpg.de/cgi-bin/ids/ids.pl?com=simple_browse&lg_id=187
swh_std	Swahili	swh	Niger-Congo,Atlantic-Congo,Volta-Congo,Benue-Congo,Bantoid,Southern,Narrow Bantu,Central,G,Swahili (G.40)	std	1647	http://wold.livingsources.org/vocabulary/1
tab_Northern	Tabassaran (Northern)	tab	North Caucasian,East Caucasian,Lezgic,Nuclear Lezgic,East Lezgic	Northern	1651	http://lingweb.eva.mpg.de/cgi-bin/ids/ids.pl?com=simple_browse&lg_id=67
tab_Southern	Tabassaran (Southern)	tab	North Caucasian,East Caucasian,Lezgic,Nuclear Lezgic,East Lezgic	Southern	1748	http://lingweb.eva.mpg.de/cgi-bin/ids/ids.pl?com=simple_browse&lg_id=68
tam_std	Tamil	tam	Dravidian,Southern,Tamil-Kannada,Tamil-Kodagu,Tamil-Malyalam,Tamil	std	1205	http://spraakbanken.gu.se/eng/research/digital-areal-linguistics/word-lists
tbc_std	Takia	tbc	Austronesian,Malayo-Polynesian,Central-Eastern,Eastern Malayo-Polynesian,Oceanic,Western Oceanic,North New Guinea,Ngero-Vitiaz,Vitiaz,Bel,Nuclear Bel,Northern	std	1207	http://wold.livingsources.org/vocabulary/29
teh_std	Tehuelche	teh	Chon	std	852	http://lingweb.eva.mpg.de/cgi-bin/ids/ids.pl?com=simple_browse&lg_id=310
tel_std	Telugu	tel	Dravidian,South-Central,Telugu	std	3869	http://spraakbanken.gu.se/eng/research/digital-areal-linguistics/word-lists
tha_std	Thai	tha	Tai-Kadai,Kam-Tai,Be-Tai,Tai-Sek,Tai,Southwestern,East Central,Chiang Saeng	std	1824	http://wold.livingsources.org/vocabulary/23
tin_std	Tindi	tin	North Caucasian,East Caucasian,Avar-Andic,Andic	std	1517	http://lingweb.eva.mpg.de/cgi-bin/ids/ids.pl?com=simple_browse&lg_id=50
tkr_std	Tsakhur	tkr	North Caucasian,East Caucasian,Lezgic,Nuclear Lezgic,West Lezgic	std	1370	http://lingweb.eva.mpg.de/cgi-bin/ids/ids.pl?com=simple_browse&lg_id=70
tli_std	Tlingit	tli	Na-Dene,Nuclear Na-Dene,Tlingit	std	1319	http://lingweb.eva.mpg.de/cgi-bin/ids/ids.pl?com=simple_browse&lg_id=228
tna_std	Tacana	tna	Tacanan,Araona-Tacana,Cavinena-Tacana,Tacana Proper	std	1153	http://lingweb.eva.mpg.de/cgi-bin/ids/ids.pl?com=simple_browse&lg_id=276
tob_std	Toba	tob	Mataco-Guaicuru,Guaicuruan	std	1295	http://lingweb.eva.mpg.de/cgi-bin/ids/ids.pl?com=simple_browse&lg_id=314
ton_std	Tongan	ton	Austronesian,Malayo-Polynesian,Central-Eastern,Eastern Malayo-Polynesian,Oceanic,Central-Eastern Oceanic,Remote Oceanic,Central Pacific,East Fijian-Polynesian,Polynesian,Tongic	std	1636	http://lingweb.eva.mpg.de/cgi-bin/ids/ids.pl?com=simple_browse&lg_id=240
tpy_std	Trumai	tpy	unknown	std	643	http://lingweb.eva.mpg.de/cgi-bin/ids/ids.pl?com=simple_browse&lg_id=1
trn_std	Trinitario	trn	Arawakan,Maipuran,Southern Maipuran,Bolivia-Parana	std	872	http://lingweb.eva.mpg.de/cgi-bin/ids/ids.pl?com=simple_browse&lg_id=265
tsi_std	Tsimshian	tsi	Penutian,Tsimshian	std	802	http://lingweb.eva.mpg.de/cgi-bin/ids/ids.pl?com=simple_browse&lg_id=229
tue_std	Tuyuca	tue	Tucanoan,Eastern Tucanoan,Central,Bara	std	1026	http://lingweb.eva.mpg.de/cgi-bin/ids/ids.pl?com=simple_browse&lg_id=257
tzz_std	Tzotzil, Zinacantán	tzz	Mayan,Cholan-Tzeltalan,Tzeltalan	std	1258	http://wold.livingsources.org/vocabulary/33
udi_std	Udi	udi	North Caucasian,East Caucasian,Lezgic,Udi	std	1301	http://lingweb.eva.mpg.de/cgi-bin/ids/ids.pl?com=simple_browse&lg_id=80
udm_std	Udmurt	udm	Uralic,Permian	std	1490	http://lingweb.eva.mpg.de/cgi-bin/ids/ids.pl?com=simple_browse&lg_id=159
vec_std	Venetian	vec	Indo-European,Italic,Romance,Italo-Western,Western,Gallo-Iberian,Gallo-Romance,Gallo-Italian	std	625	http://www.logosdictionary.org/
vie_std	Vietnamese	vie	Austro-Asiatic,Mon-Khmer,Viet-Muong,Vietnamese	std	1335	http://wold.livingsources.org/vocabulary/24
wap_std	Wapishana	wap	Arawakan,Maipuran,Northern Maipuran,Wapishanan	std	1104	http://lingweb.eva.mpg.de/cgi-bin/ids/ids.pl?com=simple_browse&lg_id=266
wau_std	Waurá	wau	Arawakan,Maipuran,Central Maipuran	std	1218	http://lingweb.eva.mpg.de/cgi-bin/ids/ids.pl?com=simple_browse&lg_id=267
waw_std	Waiwai	waw	Carib,Northern,East-West Guiana,Waiwai	std	985	http://lingweb.eva.mpg.de/cgi-bin/ids/ids.pl?com=simple_browse&lg_id=175
wca_std	Yanomámi	wca	Yanomam	std	892	http://lingweb.eva.mpg.de/cgi-bin/ids/ids.pl?com=simple_browse&lg_id=253
yaa_std	Yaminahua	yaa	Panoan,South-Central,Yaminahua-Sharanahua	std	1235	http://lingweb.eva.mpg.de/cgi-bin/ids/ids.pl?com=simple_browse&lg_id=282
yad_std	Yagua	yad	Peba-Yaguan	std	1682	http://lingweb.eva.mpg.de/cgi-bin/ids/ids.pl?com=simple_browse&lg_id=260
yae_std	Pumé	yae	unknown	std	1111	http://lingweb.eva.mpg.de/cgi-bin/ids/ids.pl?com=simple_browse&lg_id=251
yag_std	Yámana	yag	unknown	std	658	http://lingweb.eva.mpg.de/cgi-bin/ids/ids.pl?com=simple_browse&lg_id=315
yaq_std	Yaqui	yaq	Uto-Aztecan,Southern Uto-Aztecan,Sonoran,Cahita	std	1434	http://wold.livingsources.org/vocabulary/32
yau_std	Yuwana	yau	unknown	std	959	http://lingweb.eva.mpg.de/cgi-bin/ids/ids.pl?com=simple_browse&lg_id=250
ydd_std	Yiddish, Eastern	ydd	Indo-European,Germanic,West,High German,Yiddish	std	1735	http://lingweb.eva.mpg.de/cgi-bin/ids/ids.pl?com=simple_browse&lg_id=195
ykt_std	Kathu	ykt	Sino-Tibetan,Tibeto-Burman,Burmic,Ngwi,Southeastern	std	1445	http://wold.livingsources.org/vocabulary/
yrk_std	Nenets	yrk	Uralic,Samoyed	std	1277	http://lingweb.eva.mpg.de/cgi-bin/ids/ids.pl?com=simple_browse&lg_id=148
yvt_std	Yavitero	yvt	Arawakan,Maipuran,Northern Maipuran,Inland	std	713	http://lingweb.eva.mpg.de/cgi-bin/ids/ids.pl?com=simple_browse&lg_id=268
zun_std	Zuni	zun	unknown	std	968	http://lingweb.eva.mpg.de/cgi-bin/ids/ids.pl?com=simple_browse&lg_id=226
